
<?xml version="1.0" encoding="UTF-8"?>
<!DOCTYPE hibernate-configuration PUBLIC
		"-//Hibernate/Hibernate Configuration DTD 3.0//EN"
		"http://www.hibernate.org/dtd/hibernate-configuration-3.0.dtd">
<hibernate-configuration>
    <session-factory>
    
  <property name="hibernate.connection.driver_class">org.postgresql.Driver</property>
        <property name="hibernate.connection.url">jdbc:postgresql://localhost:5432/new_db</property>
        <property name="hibernate.connection.username">postgres</property>
        <property name="hibernate.connection.password">joseph123</property>
        
        <property name="hibernate.dialect">org.hibernate.dialect.PostgreSQLDialect</property>
        <property name="hibernate.show_sql">true</property>

        <property name="hibernate.hbm2ddl.auto">update</property>

        <!-- Place mappings within session factory -->
        <mapping class="model.Users" />
        <mapping class="model.Student" />
        <mapping class="model.StudentCourse" />
        <mapping class="model.StudentRegistration" />
        <mapping class="model.Teacher" />
        <mapping class="model.Course" />
        <mapping class="model.CourseDefinition" />
        
        <mapping class="model.AcademicUnit" />
        <mapping class="model.Semester" />
    </session-factory>
</hibernate-configuration>
